title,location,price,advertiser
Luxury 2 Bedroom Apartment With Excellent Facilities,Lekki,2000000,['Real']
Nicely Built 24 Hours 2 Bedroom Flat,Lekki,3000000,['Joe']
Brand New Serviced 2-bedroom Flat,Lekki,1800000,['Joe']
Well Built To Taste 2 Bedrooms,Ajah,900000,['Elderkay']
Tastefully Finished One (2) Bedroom Flat,Ikeja,2000000,['Leeward']
Tastefully Built 2 Bedroom Apartment With 24/7 Power,Ajah,1400000,['Regis']
24/7 Power- Newly Built 2 Bedroom Apartment Very Spacious,Ajah,1400000,['Regis']
Very Clean 2 Bedroom Apartment,Lekki,2000000,['Regis']
Exquisitely Finished 2 Bedroom Apartment,Ajah,1000000,['Bluehedge']
Neatly Built 2 Bedroom Apartment,Lekki,2000000,['Regis']
A Lovely Luxury 2br Flat,Yaba,1100000,['Butterfly']
Newly Completed 12nos 2bedroom Flats,Agege,500000,['Gafari']
Newly Built 2 Bedroom Flat,Alimosho,400000,['Adeoba']
2 Bedrooms Flat,Isolo,900000,['My']
2bedroom Flat,Magodo,1000000,['Palmboom']
Luxury 2 Bedroom Flat,Lekki,1300000,['Ama']
Spacious Room & Parlour,Lekki,1000000,['Ama']
Newly Renovated 2 Bed En-suite Apartment In A Serene And Secured Envir,Yaba,1300000,['Perfect']
Superbly Finished 2 Bedroom Apartment In A Serene And Secure Environ.,Ajah,800000,['Jvo']
3 Bedroom Apartment,Lekki,2500000,['Kieles']
Luxury 2 Bedroom Apartment Is Available At Awoyaya Ologunfe Ibeju Lekk,Ibeju,500000,['Dammyking']
Brand New Luxury 2bedroom Flat,Isolo,250000,['Diamondedge']
I Nice 2 Bedroom Flat,Ajah,1000000,['Streetgold']
Brand New 2bedroom Flat At Chevron Drive Bera Estates,Lekki,2000000,['Bez_emergeinvestment']
Luxury 2 Bedroom Flat,Ikeja,1500000,['Flocisco']
1st Floor 2bedroom Back Mini Flat,Lekki,1500000,['Olumide']
Nice 2 Bedrooms Fully Renovated,Ajah,1000000,['Landuna']
Superb Sharp 2 Bedrooms Flat,Ajah,850000,['Golden']
Kings Palace Brand New 2/3bedroom Flat,Ajah,1200000,['Golden']
Luxury 2 Bedroom Upstairs And Downstairs,Ajah,850000,['Toramu']
Clean 2 Bedrooms With Pop,Ajah,550000,['Toramu']
Luxury 2 Bedroom Apartment With Excellent Facilities,Ajah,700000,['Real']
Brand New 2 Bedroom Ensuite,Lekki,2000000,['S']
Contemporary Styled 2 Bedrooms Apartment With Swimming Pool,Lekki,1800000,['Barosys']
Executive 2 Bedrooms Flat Up And Down Available,Ikorodu,500000,['Prince']
"Executive 2 Bedrooms Flat, Serviced",Lekki,2500000,['Prince']
Newly Tastefully Furnished 2 Bedrooms Flat,Magodo,1500000,['Safeguide']
2 Bedrooms Flat,Lekki,1000000,['Fortune']
Neat 2 Bedrooms Flat,Ajah,800000,['Barosys']
Brand New 2 Bedrooms Serviced Apartment,Lekki,1800000,['Walex']
Sharp Newly Renovated 2 Bedrooms Flat With Bq,Ajah,1200000,['Golden']
Very Neat 2 Bedroom Apartment,Ajah,1000000,['Regis']
"Brand New Executive 2 Bedrooms, All Ensuite With Visitors Toilet, Pop",Alimosho,600000,['Better']
2 Bedrooms Flat,Yaba,900000,['Dayo']
2 Bedrooms,Ikeja,650000,['Mattimind']
2 Bedrooms Flat,Lekki,1500000,['Ayindebamijoko']
Spacious 2 Bedroom Flat,Lekki,1600000,['Tadmor']
2 Bedroom Duplex,Lekki,1500000,['Fortrexton']
Neat 2 Bedroom Flat,Ajah,750000,['Property4all']
Lovely 2 Bedroom Apartment In A Beautiful Estate,Lekki,2500000,['Purple']
Tastefully Finished 2 Bedroom Flat With 1 Room Boys Quarters,Ikoyi,12000000,['Ahmed']
Well Finished 2 Bedrooms With Excellent Facilities,Ibeju,700000,['Top-notch']
Luxury 2 Bedrooms Flat,Lekki,2000000,['Malps']
Executive 2 Bedrooms Apartment,Yaba,1100000,['Perfect']
2 Bedrooms Apartment,Lekki,1500000,['Fortrexton']
Brand New Luxury 2 Bedrooms Apartment,Lekki,2000000,['Property']
Very Neat 2 Bedroom Apartment,Lekki,1500000,['Regis']
Lovely 2 Bedrooms Apartment,VI,2500000,['Walefunmionline']
Newly Built And Fully Serviced 2 Bedroom En-suite Flat,Lekki,2600000,['Ail']
Super Clean 2 Bedrooms,Lekki,2300000,['Beta']
Newly Built 2 Bedroom Flat,Ajah,550000,['Fortune']
2 Bedroom Apartment,Lekki,2000000,['Fortrexton']
Water View Brand New 2 Bedroom Apartment With With 2 Massive Balconies,VI,3000000,['Truesun']
2 Bedrooms,Ikorodu,500000,['Tolulope']
2 Bedroom Flat,Ikorodu,200000,['Tolulope']
Luxury 2 Bedroom Apartment,Lekki,3500000,['Walefunmionline']
Luxury 2 Bedrooms Apartment With Wardrobes And Dinning Corner.,Ibeju,400000,['Episco']
Well Newly Built 2 Bedrooms Up All Ensuite,Alimosho,500000,['Better']
Lovely 2 Bedroom Apartment,Ajah,700000,['Usaking']
2 Bedroom Flat,Ajah,1000000,['Maxin']
Nice And Standard 2 Bedrooms Flat,Lekki,900000,['Divine']
A Luxurious 2 Bedroom Flat With Modern Facilities,Ketu,900000,['Affyolams']
New 2 Bedrooms Flat,Yaba,1000000,['Dayo']
A Fairly Used Spacious & Thoroughly Renovated 2 Bedrooms Flat,Agege,500000,['Zeezconsult']
Self Serviced 2 Bedrooms Flat,Lekki,2000000,['Top']
2 Bedrooms Flat,Lekki,2000000,['Barosys']
Very Beautiful 2 Bedroom Apartment,Lekki,1500000,['Vandez']
"Clean 2 Bedroom Flat, Upstairs",Lekki,1000000,['Vebosant']
Brand New And Classy 2 Bedroom Apartment,Lekki,2500000,['The']
Spacious 2 Bedrooms Flat. 24 Hours Light,Lekki,2000000,['Ama']
2 Bedroom Flat,Lekki,2000000,['100%']
Luxurious Two Bedroom Flat,Lekki,2000000,['Royal-t']
Luxurious Two Bedroom Flat,Lekki,2300000,['Royal-t']
Newly Built 2 Bedroom Flat,Lekki,2300000,['Usaking']
"Luxury, Furnished 2 Bedroom Water Front Apartment",Ikoyi,8000000,['Abodeworks']
Brand New 2 Bedroom Apartment,Lekki,2000000,['Property']
Brand New 2 Bedroom Apartment,Ajah,1000000,['Property']
Luxury And Spacious 2 Bedrooms Flat,Lekki,700000,['Smart']
2 Bedroom Flat With Car Park & Prepaid Meter,Yaba,850000,['Tos']
Spacious 2 Bedrooms Flat,Lekki,1300000,['Datikomisha']
2 Nos. 2 Bedrooms Flat,Ikoyi,10000000,['Ubosi']
Lovely 2 Bedroom Flat,VI,3000000,['Usaking']
2 Bedrooms,Ikeja,650000,['Tagbo']
2 Bedroom Flat,Ojo,250000,['Tolulope']
Furnished 2 Bedroom Flat,VI,4500000,['Jaykay']
Newly Built 2 Bedrooms Flat,Isolo,300000,['Kapital']
Luxury 2 Bedroom Apartment With Excellent Facilities,Ikoyi,12000000,['First']
Luxury 2 Bedroom Apartment With Excellent Facilities,VI,8500000,['First']
Standard 2 Bedroom Apartment With Essential Facilities,Ikoyi,4500000,['First']
Brand New 2 Bedroom Flat,Ajah,700000,['Golden']
Super Fantastic 2 Bedrooms Flat,Ajah,850000,['Golden']
2 Bedroom Flat,Lekki,1800000,['Diaamond']
2 Bedroom Serviced Flat + Pool + Gym Light & Sound Automation,VI,3500000,['Diaamond']
2 Bedrooms,Gbagada,1500000,['Amosandproperty']
"Lovely 2 Bedroom Flat, All Ensuite, Upfloor, Gated Compound With Carpark",Surulere,900000,['Roshadan']
Clean 2 Bedroom Flat,Ajah,600000,['07041051091']
A Nice 2 Bedroom Flat,Ajah,750000,['Streetgold']
2 Bedroom Flat,Ikorodu,200000,['Tolulope']
"Clean And Spacious Two Bedroom Flat, Upstairs",Isolo,400000,['Nokwin']
Luxurious And Spacious 2 Bedroom Apartment In A Mini Estate,Lekki,1300000,['Homesphere']
Portable 2 Bedrooms Flat,Surulere,700000,['Kapital']
Self Service 2 Bedrooms Flat,Lekki,2000000,['Top']
A Thorough Renovated & Refurbished Ensuites 2 Bedrooms Flat,Yaba,1300000,['Zeezconsult']
Clean 2 Bedroom Flat,Ajah,650000,['07041051091']
A Newly Built 2 Bedroom Flat Ground Floor,Yaba,1000000,['Andy']
2 Bedroom Serviced Flat,VI,4000000,['12th']
Furnished 2 Bedroom Apartment Available.,Ikoyi,8000000,['Fanfield']
2 Bedroom Furnished Flat,VI,4500000,['Laser']
Serviced 2 Bedroom En-suite Flat In A Secured And Serene Environment,Lekki,2300000,['Ail']
Classy Exciting 2 Bedroom,Ajah,900000,['Landuna']
Brand New 2 Bedroom Flat Very Specious With Big Space.,Ajah,1100000,['Shileburger']
Brand New 2 Bedroom Flat,Ajah,1500000,['Octimax']
2 Bedroom Flat.,Magodo,1800000,['Easyhomes']
A Brand New 2 Bedrooms Flat,Lekki,2500000,['Josnick']
Newly Built 2 Bedroom Flat,Ajah,1000000,['Tagbo']
Luxury 2 Bedroom Flat,Lekki,2500000,['Nuville']
2 Bedroom Serviced Flat + Bq + Gym + Pool,Lekki,2100000,['Diaamond']
Solid Two Bedrooms Flat In A Prestigious Estate,Ajah,800000,['Ekanem']
2 Bedroom Flat,Lekki,1250000,['Lagos']
Nice And Standard 2 Bedroom Flat.,Lekki,900000,['Divine']
Classy And Beautifully Built 2 Bedroom Apartment.,Lekki,1800000,['The']
Luxury 2 Bedroom Furnished Apartment,VI,5000000,['C']
Newly Built & Very Accessible 2 Bedroom Flat On A Tarred Road,Ikorodu,500000,['Onpoint']
Brand New And Tastefully Finished 2 Bedroom Flat,Yaba,1500000,['Jesutfemi']
Tasteful 2 Bedroom Flat With Bq,VI,3000000,['Jasat']
Luxury Newly Built 2 Bedroom Flat With Excellent Facilities,Ajah,1000000,['Mapidahomes']
Newly Built 2 Bedroom All En-suite,Lekki,1500000,['Jasat']
Very Spacious And Lovely 2 Bedroom Serviced Apartment.,Lekki,1800000,['Tolstro']
New Executive 2 Bedroom Flat,Ikeja,600000,['Yennix']
"Luxury 2 Bedroom Flat, (on 1st Top Floor)",Lekki,1000000,['Taosa']
Spacious 2 Bedroom Flat,VI,3000000,['C']
2 Units Of 2 Bedroom Flat,Ketu,1000000,['My']
Newly Built 2 Bedroom Flat,Ikeja,1000000,['Freedom']
Beautiful 2 Bedroom Flat.,Ajah,650000,['Prince']
2 Bedroom Flat Serviced,Lekki,2700000,['Diaamond']
2 Bedroom Flat,Lekki,3000000,['Diaamond']
2 Bedroom Serviced Flat,Lekki,2200000,['Diaamond']
Executive 2 Bedroom Apartment.,Lekki,3500000,['Humannest']
Superb Brand New 2 Bedroom Flat,Lekki,2500000,['Priesthood']
Serviced 2 Bedroom Flat With A Room Bq,Ikoyi,4500000,['Eko']
2 Bedroom Flat All Ensuite In A Gated Mini Estate In A Good Location,Lekki,550000,['Eko']
Mard Two Bedrooms Newly Built,Ajah,750000,['Ekanem']
2 Bedroom Flat.,Ikorodu,500000,['Apex']
2 Bedroom Flat,Isolo,1200000,['Forim']
Cosy Two Bedroom Flat,Ikeja,400000,['Yennix']
2 Bedroom Flat Apartment.,Shomolu,950000,['Dayo']
2 Bedroomflat Apartment,Yaba,900000,['Dayo']
Nicely Built Two Bedroom Flat,Lekki,2200000,['Joe']
2 Bedroom Flat,Ojo,200000,['Tolulope']
"Lovely 2 Bedroom Flat, 2 Flats In The Compound.",Lekki,2500000,['Xpresslet']
Massive 2 Bedroom Flat. Upstairs,Lekki,1200000,['Rock']
Nicely Finished And Spacious 2 Bedrooms Flat With A Room Bq,Lekki,1300000,['Highstreet']
Luxury 2 Bedroom Flat,Lekki,2700000,['Obaton']
Newly Built 2 Bedroom Penthouse Flat Available (24/7 Power + Pool),Lekki,3000000,['Lekkimetrohomes']
A Very New 2 Bedroom Flat,Ajah,700000,['Streetgold']
2 Bedrooms Flat,Alimosho,300000,['Ckn']
A Brand New Well Finished 2 Bedroom Flat With 24 Hours Electricity,Ajah,1300000,['Walex']
Magnificent Lovely 2 Bedroom Flat,Lekki,1200000,['Epis']
Magnificent Brand New 2 Bedroom Flat,Lekki,1500000,['Epis']
Fully Serviced Units Of Spacious 2 Bedroom Ensuite Apartment,Lekki,1400000,['Mrs']
Superb Neatly Finished 2 Bedroom Apartment In A Serene Location.,Ajah,600000,['Jvo']
2 Bedroom Penthouse,Ikoyi,9000000,['Underwood']
Serviced And Furnished 2 Bedrooms Pent House With A Bq,Lekki,3500000,['Jide']
2 Bedroom En-suite Flat,Lekki,1800000,['Ail']
Spacious Two Bedroom Flat,Ajah,700000,['Glovercrib']
2 Bedroom Flat,Lekki,2000000,['Dwellers']
Brand New 2 Bedroom Flat,Lekki,2500000,['Ama']
A Luxurious 2 Bedroom Flat With Modern Facilities,Ketu,900000,['Affyolams']
Newly Renovated And Serviced Two Bedroom With Bq,Ikoyi,3500000,['Easyhomeproperties']
Sweet & Spacious 2 Bedroom Flat,Ajah,350000,['Sam']
Sweet & Spacious 2 Bedroom Flat,Ajah,500000,['Sam']
Sweet & Spacious 2 Bedroom Flat,Ajah,700000,['Sam']
Self Serviced 2 Bedroom Flat,Lekki,2500000,['Rosemond']
Luxury 2 Units Of Virgin Two Bedrooms Apartment,Lekki,500000,['Episco']
A Luxurious 2 Bedroom Flat With Modern Facilities,Ketu,800000,['Affyolams']
"A Serviced 2 Two Bedroom Flat, With Bq 24hrs Light",Ikoyi,4500000,['Easyhomeproperties']
A Lovely Well Finished 2 Bedroom Flat,Surulere,900000,['Toss']
Newly Built 2 Bedroom Flat In A Very Secured Estate,Ikorodu,500000,['Onpoint']
Lovely Newly Built 2 Bedroom Flat,Lekki,2300000,['Lekkimetrohomes']
Fantastic Brand New 2 Bedroom Flat Upstairs,Ajah,750000,['Golden']
A Well Finished And Furnished 2 Exquisitely Furnished 2 Bedroom Flat.,Gbagada,2300000,['Netton']
Luxury 2 Bedroom Serviced Apartment With Fitted Kitchen,Ikoyi,7500000,['Luch']
2 Bedroom Flat,Berger,500000,['Chaman']
Sharp Clean 2 Bedrooms Flat,Lekki,700000,['Epis']
Newly Renovated And Spacious 2 Bedrooms Apartment With Fitted Kitchen,Ikoyi,7000000,['Servilife']
Tastefully Finished 2 Bedroom Flat,Lekki,2000000,['Moventuresng']
2 Bedroom Flat,Ikeja,1000000,['My']
Spacious And Comfortable Luxury 2 Bedroom Penthouse With Bq,Lekki,3000000,['David']
Brand New 2 Bedroom Flat,Ajah,1000000,['Walex']
Newly Built Executive 2 Bedroom Flat.,Ibeju,900000,['Elderkay']
2 Bedroom Luxury Apartments With Excellent Facilities,Ikoyi,12000000,['News']
Luxury 2 Bedroom Apartments With Breathtaking Views From All The Rooms,VI,22000000,['News']
Serviced 2 Bedroom Apartment,Lekki,2500000,['Dwellers']
Very Sharp Newly Built 2 Bedroom Flat In A Highly Secured Neighborhood,Lekki,2500000,['Lekkimetrohomes']
Two Bedroom Flat With Spacious Living Room And Kitchen,Ikorodu,150000,['Onpoint']
Self Serviced 2 Bedroom Flat,Ajah,1000000,['Top']
4 Units Of Brand New 2 Bedrooms Flat. Upstairs,Lekki,2500000,['Xpresslet']
Newly Built 2 Bedrooms Flat,Ajah,600000,['Seyix']
2 Bedroom Apartment,Surulere,700000,['Diamondedge']
New Modern 2 Bedroom Upstairs,Ajah,750000,['Golden']
Superb Brand New 2 Bedroom Flat,Ajah,850000,['Golden']
Super Classic Brand New 2 Bedroom Flat,Ajah,1100000,['Golden']
2 Bedroom Flat,Lekki,350000,['Kotoye']
2 Bedroom Flat,Gbagada,1100000,['Amosandproperty']
Luxury 2 Bedroom Apartment,Lekki,1200000,['Rock']
2 Bedroom Flat,Lekki,2500000,['Diaamond']
2 Bedroom Flat,Lekki,2000000,['Diaamond']
2 Bedroom,Lekki,2000000,['Didi']
2 Bedroom Serviced 24hr Light Flat + Pool + Gym Gym Pent Floor,Lekki,3000000,['Diaamond']
Luxury 2 Bedroom Flat With Bq,Ikoyi,10000000,['Hossbridge']
Newly Renovated 2 Bedroom,Yaba,1200000,['Backup']
Tastefully Finished Two Bedroom Apartment,Lekki,800000,['08168208833']
8-units Of 2 Bedroom Serviced Apartments With Bq,VI,4500000,['Jerman']
"2 Bedroom Furnished Apartment, No Bq",Lekki,3000000,['Kmoyo']
Newly Built And Spacious 2 Bedroom Flat In A Serene Estate,Ikorodu,150000,['Onpoint']
2 Bedroom Flat,Ikorodu,200000,['First']
Nicely Finished 2 Bedroom Apartment,Ikoyi,4000000,['David']
2 Bedrooms,Lekki,1100000,['Didi']
An Executive Modern Ensuites Luxury 2 Bedroom,Surulere,1100000,['Zeezconsult']
Brand New 2 Bedroom Flat Very Close To The Tarred Road,Isolo,650000,['Just']
Spacious 2 Bedroom Flat,Ikeja,600000,['Yennix']
2 Bedroom Flat,Magodo,1240000,['Easyhomes']
2 Bedroom Flat,Lekki,1300000,['Obaton']
2 Bedroom Flat With 24hr Light,Lekki,3000000,['Diaamond']
Luxury 2 Bedroom Flat With Nice Facilities,Lekki,2500000,['Obaton']
2 Bedroom Penthouse Serviced Flat,Lekki,2500000,['Diaamond']
2 Bedroom Serviced Furnished Flat,Ikoyi,9000000,['Diaamond']
2 Bedroom Apartment,Ikoyi,5000000,['Abodeworks']
"American Standard 2 Bedroom Flat, All Room Ensuite. Well Maintained",Lekki,2300000,['Xpresslet']
Lovely 2 Bedroom Flat,Lekki,1600000,['Seyix']
Brand Two Bedroom Apartment,Lekki,1000000,['08168208833']
Brand New 2 Bedroom Furnished Apartment,Ajah,1200000,['Home']
Brand New Luxury 2 Bedroom Serviced Flat With 24hours Power Supply,Ajah,1400000,['Home']
Brand New Two Bedroom Apartment,Lekki,900000,['08168208833']
2 Bedroom Flat,Ojo,200000,['Tolulope']
Self Service 2 Bedroom Flat,Lekki,1500000,['Top']
Service 2 Bedroom Flat,VI,4500000,['Top']
Newly Built 2 Bedroom Flat,Ajah,700000,['Fortune']
Service 2 Bedroom Flat,Lekki,2500000,['Top']
Premium 2 Bedroom Apartment,Ikoyi,8000000,['C']
Service 2 Bedroom Flat,Lekki,2000000,['Top']
Brand New 2 Bedrooms Flat,Lekki,2000000,['Kazfield']
2 Bedroom Flat,Lekki,2500000,['Diaamond']
2 Bedroom Flat 24hr Serviced,Lekki,3500000,['Diaamond']
A Brand New 2 Bedroom Flat,Lekki,1100000,['Devine']
A Brand New 2 Bedroom Flat,Ajah,1200000,['Devine']
A Brand New 2 Bedroom Flat,Ajah,1000000,['Devine']
Now Letting: 2no. Flats Of 2-bedroom Flat.,Agege,750000,['Daramola']
An Upper Floor 2 Bedroom Apartment,Lekki,1000000,['Theo']
Self Service 2 Bedroom,Ajah,1000000,['Top']
Furnished Two Bedroom Apartment - Quarterly (3 Months),Ajah,1000000,['Apartments']
Nice And Affordable 2 Bedroom Flat,Lekki,1400000,['Fortune']
2 Bedroom Apartment Available,Lekki,3000000,['Sandra']
Partly Furnished & Serviced Newly Built 2 Bedroom,Lekki,2300000,['Seyix']
Serviced 2 Bedroom Flat,Lekki,1300000,['Seyix']
2 Bedroom Luxury Apartments With Excellent Facilities,Ikoyi,6000000,['News']
Brand New Blocks Of Flat Up And Ground Floors,Lekki,2500000,['Kazfield']
Newly Built 2 Bedroom Apartment,Lekki,2000000,['Bold']
Brand New 2 Bedroom Apartment,Surulere,1500000,['Diamondedge']
Affordable 2 Bedroom Flat,Lekki,1000000,['Fortune']
Executive Serviced 2 Bedroom Flat,VI,3000000,['Highstreet']
Exceptionally Designed 2 Bedroom Apartment,Ikoyi,11000000,['Nairaproperty']
2 Bedroom Apartment (ground Floor) (no Agency Fee),Lekki,2500000,['Housedirect']
"2 Bedroom Serviced 24hr Light With Pool, Gym + Child Play Area",Lekki,3000000,['Diaamond']
2 Bedroom Serviced Flat 24hr Light,Lekki,2800000,['Diaamond']
2 Bedroom Serviced Flat,Lekki,2500000,['Diaamond']
Luxurious And Spacious 2 Bedroom Apartment,Lekki,1200000,['Homesphere']
2 Bedroom Flat,Lekki,1600000,['Seyix']
Luxurious And Spacious 2 Bedroom Apartment,Lekki,1300000,['Homesphere']
A 2 Bedroom Flat,Ajah,600000,['Streetgold']
Upscale 2 Bedroom Apartment,Ikoyi,13000000,['C']
Upscale 2 Bedroom Apartment,Ikoyi,8000000,['C']
Serviced 2bedroom Flat,Ikoyi,9000000,['Almighty']
Serviced 2bedroom,Ikoyi,7500000,['Almighty']
Serviced 2bedroom,Ikoyi,6000000,['Almighty']
2 Bedroom Serviced Flat 24 Hours Light,Lekki,3000000,['Diaamond']
Exquisitely Furnished 2 Bedroom Apartment,Ikoyi,18000000,['Inspirited']
Spacious 2 Bedroom Apartment,Lekki,3000000,['C']
2 Bedroom Flat,Lekki,2500000,['Wole']
2 Rooms Office Space,Ojota,550000,['Mausi']
2bedroom Flat,Ikoyi,4500000,['Almighty']
Luxury 2 Bedroom Flat,Magodo,1000000,['Emmanuel']
2 Bedroom Flat,Ikeja,600000,['Emmanuel']
Luxury Two Bedrooms,Ikoyi,7000000,['Ditapet']
Lovely 2 Bedroom Duplex,Magodo,2000000,['Emmanuel']
Lovely 2 Bedroom Flat,Magodo,1200000,['Emmanuel']
Lovely 2 Bedroom Apartment,Ikoyi,5500000,['Joe']
Excellent 2 Bedroom Flat,Ikeja,1100000,['Jide']
A Lovely Luxury 2 Bedroom Flat,Yaba,1500000,['Butterfly']
2 Bedroom Serviced Flat,Lekki,2000000,['Diaamond']
Very Spacious Mini Flat With A Garden Area,Lekki,1500000,['Misa']
Tasteful 2 Bedroom Flat With Ac,Lekki,2000000,['Jasat']
Lovely 2 Bedroom Flat With Ac,Lekki,2300000,['Lagos']
2 Bedroom Luxury Flat (serviced),Lekki,2750000,['Kenzimo']
Spacious 2 Bedroom Aparment,Ikoyi,3500000,['C']
2 Bedrooms Apartment,Ibeju,400000,['Episco']
A Lovely Luxury Big 2 Bedrooms Flat,Yaba,1200000,['Butterfly']
Two Bedroom Flat,VI,600000,['Heights']
2 Bedroom,Ikoyi,4000000,['Didi']
Brand New 2 Bedroom Flat,Ikeja,700000,['Chaman']
Brand New Super And Executive 2 Bedroom ( All Ensuite),Surulere,1000000,['Pat-arizona']
Newly Built Furnished 2 Bedroom Apartment,Lekki,2300000,['Kingsproperty']
Serviced 2 Bedroom,Lekki,1800000,['Kazfield']
Excellent 2 Bedroom Flat,Surulere,1500000,['Jide']
Luxury 2 Bedroom Apartment,Ikoyi,5000000,['Abodeworks']
2 Bedroom En-suite Flat In A Serene Environment,Lekki,2600000,['Ail']
2 Bedroom,Gbagada,1400000,['Amosandproperty']
Newly Renovated 2 Bedroom Flat,Ajah,600000,['Quolar']
2 Bedroom Apartment,VI,5000000,['Cna']
Newly Built 2 Bedroom Apartment,VI,1800000,['Toplift']
2 Bedroom,Ojo,250000,['Tolulope']
Luxury 2 Bedroom Flat,Ajah,800000,['Ajah']
Luxury 2 Bed,Ajah,800000,['Landuna']
"Super And Executive 2 Bedroom, All Ensuite",Surulere,1200000,['Pat-arizona']
"A Lovely & Nice Newly Built 2 Bedroom Flat , All Rooms Ensuite.",Surulere,1200000,['Toss']
"A Very Good And Nice 2 Bedroom Flat, All Rooms Ensuite.",Yaba,700000,['Toss']
2 Bedroom,Lekki,1500000,['Didi']
2 Bedroom Bungalow,Lekki,1600000,['Didi']
Luxurious Newly Built Two Bedroom Flat,Lekki,2500000,['Royal-t']
Lovely And Spacious Two Bedroom Self Compound,Lekki,1600000,['Royal-t']
Standard Sharp 2 Bedroom Flat,Lekki,1000000,['Epis']
Luxury 2 Bedroom Flat,Ajah,900000,['Dammyking']
Premium 2 Bedroom Apartment,Ikoyi,10000000,['C']
A Lovely And Nice Newly Built 2 Bedroom Flat In Surulere With Car Park,Surulere,1200000,['Toss']
2 Bedroom Serviced Flat,Lekki,3500000,['Diaamond']
2 Bedroom Serviced Flat,Lekki,3000000,['Diaamond']
2 Bedroom Serviced Flat,Lekki,3000000,['Diaamond']
2 Bedroom Flat,Lekki,2200000,['Diaamond']
2 Bedroom Furnished Serviced Flat,Lekki,3500000,['Diaamond']
Newly Built 2 Bedroom Flat,Berger,800000,['Geo-options']
Luxury 2 Bedroom Flat,Ikoyi,6000000,['Rosemond']
Super And Executive 2 Bedroom With All Rooms Ensuit ( Brand New House),Surulere,750000,['Pat-arizona']
Spacious 2 Bedroom Apartment,Lekki,2000000,['Cw']
Newly Built Lovely 2 Bedroom Flat In A Serene Estate,Lekki,1800000,['Lekkimetrohomes']
Newly Built 2 Bedroom Flat In A Secure Estate,Isolo,800000,['Paparazy']
2 Bedroom Flat,Lekki,1200000,['Michael']
"2 Bedroom Flat ,3 Units Available, For Commercial Use.",Lekki,1200000,['Quolar']
Luxury 2 Bedroom Apartment,Ikoyi,6000000,['C']
Spacious 2 Bedroom Apartment,Lekki,3000000,['C']
Spacious And Nice 2 Bedroom Flat,Agege,450000,['Meritence']
2 Bedroom Flat,Lekki,2200000,['Diaamond']
A Lovely And Nice Newly Built 2 Bedroom Flat With Car Park.,Surulere,1000000,['Toss']
Luxury Two Bedroom Flat,Lekki,3700000,['Joe']
Brand New Luxury 2 Bedroom Furnished Apartment Upstairs,Ajah,1200000,['Home']
Luxury Serviced 2 Bedroom Apartments,Ikeja,1000000,['Homesearch']
Luxurious Newly Built Two Bedroom Flat,Lekki,2500000,['Royal-t']
Executive 2 Bedroom Apartment,Lekki,3000000,['Humannest']
Smart 2 Bedrooms Apartment,VI,3000000,['Dunovella']
2 Bedroom Penthouses With An Open Roof Terrace,Ikoyi,15000000,['News']
A Luxury And Nice Newly Built 2bedroom Flat In Costain With Car Park,Yaba,1000000,['Toss']
Brand New 2 Bedroom En-suite Flat,Ajah,700000,['Ail']
Modest & Spacious 2 Bedroom Apartment,Lekki,2000000,['Gbc']
A Brand New Two Bedroom Flat,Lekki,1100000,['Devine']
A Brand New 2bedroom Flat,Lekki,1200000,['Devine']
2 Bedroom Flat,Ojo,250000,['Tolulope']
2 Bedroom Serviced Ensuite Flat With A Room Bq In A Secured Gated Area,VI,2700000,['Yusuf']
2 Bedroom Serviced Flat With 24hrs Light,VI,3000000,['Diaamond']
Beautifully 2 Bedroom Flat,Lekki,1800000,['Skytouch']
Luxury 2 Bedroom Apartment,Lekki,600000,['Homeland']
2 Bedroom Apartment,Lekki,2500000,['Ammore']
Strictly For Commercial Use. Brand New Self Serviced 2 Bedroom Apartment,Lekki,2300000,['Truesun']
A Good 2 Bedroom Flat,Ajah,700000,['Streetgold']
New House 2 Bedroom All Rooms Ensuite,Ajah,600000,['360']
Brand New 2 Bedroom En-suite Flat,Ajah,700000,['Ail']
2 Bedroom Flat,Ojo,350000,['Tolulope']
2 Bedroom Flat,Ajah,500000,['08143896758']
A Brand New 2 Bedroom,Lekki,1100000,['Devine']
Luxury 2 Bedroom Flats,Ibeju,600000,['Homeland']
2 Bedroom Flat,VI,2600000,['Didi']
Luxury 2 Bedroom Apartment,Lekki,2300000,['Rock']
2 Bedroom Flat,Ikoyi,3600000,['Saints']
2 Bedroom Furnished Flat,Lekki,2800000,['Laser']
Luxury 2 Bedrooms Pent House With Big Balcony,Ikoyi,8000000,['Desos']
2 Bedroom Flat Newly Built,Ikorodu,200000,['Sammy']
Brand New 2bedroon Flat With 24hours Light,Lekki,1600000,['Moventuresng']
Just Renovated Two Bedroom Flat,Ikoyi,2500000,['Ontale']
2 Bedroom Flat,Lekki,1700000,['Didi']
Serviced Two 2 Bedroom Ground Floor,Ikoyi,3500000,['Easyhomeproperties']
Fantastic 2 Bedroom With A Bq,VI,3000000,['Wreas']
Very Spacious 2 Bedroom Flat,Berger,500000,['Olubunmi']
Brand New 2 Bedroom Apartment,Lekki,1700000,['Moventuresng']
Tasteful Modern 2 Bedroom Apartment,Lekki,1800000,['08061680483']
Block Of 6 Flats & Warehouse,Alimosho,3000000,['Novelty']
Very Clean 2 Bedroom Flat,Ibeju,450000,['Elderkay']
Brand New 2 Bedroom En-suite Flat In An Estate,Ajah,800000,['Ail']
Beautifully Built 2 Bedroom Flat,Lekki,2000000,['Skytouch']
2 Bedroom Flat,Lekki,2500000,['Diaamond']
2 Bedroom Flat,Ikorodu,150000,['Sammy']
Luxury Two Bedroom Apartment,Lekki,700000,['08168208833']
Luxury 2 Bedroom Apartment With Excellent Facilities,Ikoyi,8000000,['First']
Luxury 2 Bedroom Pent-floor Apartment With State-of-the-art Facilities,Ikoyi,14000000,['First']
Luxury 2 Bedroom House With 24 Hours Power,VI,3000000,['Two']
2bedroom Flat With A Bq,Ikeja,4000000,['Easyhomes']
Lovely 2bedroom Flat In A Serene Residential Estate,Lekki,1700000,['Lekkimetrohomes']
2 Bedroom Penthouse,Ikoyi,10000000,['Underwood']
Two Bedroom Luxurious Flat,VI,3000000,['Royal-t']
A Standard 2 Bedroom Flat,Ajah,700000,['Devine']
A Brand New 2 Bedroom,Ajah,750000,['Devine']
Brand New Luxury 2bedroom Apartment,Ajah,1200000,['Home']
Top Notch 2 Bedroom Flat,Lekki,1800000,['House']
Luxurious 2 Units Of 2 Bedroom Serviced Flat,Ikoyi,7000000,['John']
Spacious Two Bedrooms With Extra Lobby,Ajah,500000,['Ekanem']
Tastefully Finished 2 Bedroom Flat,Lekki,1700000,['Skytouch']
Newly Built Two Bedrooms Flat Well Finished.,Ajah,750000,['Ekanem']
Lovely 2 Bedroom Flat,Lekki,1700000,['Skytouch']
2 Units 2 Bedroom Luxury Apartments,Lekki,1500000,['360']
2 Bedroom Furnished Apartment With Bq,Ikoyi,6000000,['Almighty']
Serviced 2 Bedroom Flat,VI,4000000,['Almighty']
2 Bedroom Flat,VI,16200000,['Almighty']
2 Bedroom Apartment Upstair,Ajah,350000,['Rock']
2 Bedroom Apartment,Lekki,3000000,['Shortletpro']
Newly Built 2 Bedroom Service Flat,Lekki,1800000,['Skytouch']
2 Bedroom Flat,Lekki,2000000,['Diaamond']
Luxury 2bedroom Service Flat With Quality Finishing,Ikeja,1100000,['Crystal']
Luxury 2 Bedroom Flat,Ikoyi,6500000,['Iwel']
Brand New Serviced 2 Bedroom With Swimming Pool Nd 24hours Light,Lekki,1700000,['Moventuresng']
Luxury Executive 3 Bedroom Flat With Modern Fittings,Surulere,2200000,"[""Chilla's""]"
Fully Furnished 2 Bedroom Pent Apartment With Gym And S/pool,VI,7000000,['Island']
2bedroom Duplex,Lekki,1400000,['Fortune']
Luxury 2 Bedroom Flat Serviced Apartment,VI,3000000,['Dunovella']
New Two Bedrooms With State Of The Art Finishing,Ajah,750000,['Ekanem']
Upscale High Rise 2 Bedroom Premium Apartment,Ikoyi,6500000,['C']
Luxury 2 Bedroom Apartment With Excellent Facilities,Ikoyi,6500000,['C']
Fully Serviced 2 Bedroom Flat,Lekki,2000000,['Skytouch']
Upscale Penthouse Suite,VI,4500000,['C']
2 Bedroom Serviced Mini Flat 24hr Light,VI,2000000,['Diaamond']
A Brand New 2 Bedroom Flat,Lekki,1000000,['Devine']
Luxury And Serviced 2 Bedroom Flats With Prepaid Metre,Ikorodu,600000,['Mwc']
Luxurious Built 2 Bedroom Serviced Flat,Lekki,2000000,['Dunovella']
2 Bedroom Apartment,Ikoyi,6000000,['C']
"Luxurious 2 Bedroom Penthouse With 1 Rooms Bq ,pool And Gym",VI,5000000,['Tisat']
Luxury And Furnished 2 Bedroom Apartments With Neccesary Facilities,Ikoyi,7000000,['Ideal']
Premium 2 Bedroom Maisonette,Ikoyi,18000000,['C']
Newly Built 2 Bedroon Flat With Excellent Facilities,Ajah,900000,['Divine']
Luxury 3 Bedroom Flats With Excellent Facilities,Lekki,4000000,['Divine']
2 Bedroom Flat,VI,3000000,['C']
2 Bedroom Furnished Apartment,Ikoyi,8000000,['C']
Fully Furnished 2 Bedroom Bungalow With Excellent Facilities,Lekki,4000000,['First']
Elegant 2 Bedroom Apartment With Great Facilities,Ikoyi,13000000,['First']
2 Bedroom Furnished Flat,VI,5000000,['Diaamond']
Luxury 2 Bedroom Flat Full Serviced In Serene Environment,Ajah,1400000,['Divine']
Spacious 2 Bedroom Apartment In A Lush And Serene Area,Lekki,1800000,['Wolfe']
Luxury 2 Bedroom Flats With Excellent Facilities,Ikorodu,750000,['First']
2 Bedroom Flat,Lekki,1800000,['Diaamond']
Luxury 2 Bedroom,Lekki,1300000,['Haven']
Newly Renovated 2 Bedrooms Flat,Ajah,700000,['Ekanem']
New Two Bedrooms,Ajah,900000,['Ekanem']
Luxury 2 Bedroom Flat With A Room Boys Quarter,Lekki,3000000,['Y-bims']
Superbly Finished Luxury 2 Bedroom Apartment With A Room Bq,Ikoyi,4000000,['David']
2 Bedroom Serviced Flat,Lekki,2500000,['Diaamond']
2 Bedrom Flat,Lekki,2500000,['Diaamond']
Well Maintained 2 Bedroom Serviced Apartment With A Maid's Room,Ikoyi,4000000,['Theo']
2 Bedroom Serviced Flat 24hr Light + Bq,Lekki,4500000,['Diaamond']
Luxury Serviced 2 Bedroom Flat,Lekki,2000000,['Datikomisha']
2 Bedroom Flat,Lekki,2000000,['Almighty']
Luxurious 2 Bedroom Penthouse Apartment,Ikoyi,10000000,['Orbit']
2 Bedroom Flat,Lekki,2500000,['Diaamond']
"2 Bedroom Apartment With Top Notch Finishing, With Swimming Pool",VI,2500000,['Truesun']
Serviced 2 Bedroom Flats,Ikeja,3000000,['K2com']
2 Bedroom Flat,Ikorodu,200000,['First']
2 Bedroom Serviced Flat,VI,3000000,['Diaamond']
6 Nos Of 2 Bedroom Flat,VI,3000000,['S.']
Fully Furnished And Serviced 2 Bedroom Apartment With Excellent Facilities,Ikoyi,18000000,['First']
2 Bedroom Flat +bq Serviced,VI,3000000,['Diaamond']
Fully Serviced And Furnished 2 Bedroom Flat In A Serene Environment,Ikeja,3000000,['Krizadok']
2 Bedroom Flat,Ikorodu,200000,['First']
Well Bulit 2bedroom Flat,Lekki,1800000,['Asgaf']
A 2 Bedroom Flat,Lekki,1500000,['Spartan']
Neat And Spacious 2 Bedroom Flat At Silverland Estate Sangotedo Ajah,Ajah,800000,['Property4all']
"Very Clean, Spacious And Decent 2 Bedroom Flat (upstairs)",Ketu,600000,['08162615298']
Clean 2bedroom Flat Ensuite With Guest Toilet,Agege,700000,['03']
A Lovely And Nice Nice Newly Built 2bedroom Flat In Costain,Yaba,900000,['Toss']
Brand New 2bedroom With Excellent Facilities,Lekki,1750000,['Top-notch']
Lovely 2bedroom With Quality Facilities.,Lekki,1800000,['Top-notch']
Newly Finished 2 Bedroom Penthouse. 24 Hours Power,Lekki,3000000,['Paradym']
Luxery 2bedroom Flat,Ajah,1000000,['Darianspring']
A Luxury 2bedroom Flat With 3toilets And Baths,Ikeja,650000,['Absaat']
Luxury 2bedroom Apartment With A Bq,Lekki,1200000,['Hl']
A Decent 2 Bedroom Now Available,Lekki,2500000,['Cassiniroyal']
New And Luxury 2 Bedroom Flat In An Estate Opposite Hopevile Sangotedo,Ajah,1200000,['Property4all']
Luxury 2 Bedroom Service Apartments,Lekki,1500000,['Bigcity']
Tastefully Finished 2 Bedrooms Flat,Ajah,700000,['Staak']
"Luxury 2 Bedrooms Flat With All Rooms Ensuite, Pop Ceiling, Etc",Berger,900000,['Akin']
Newly Built 2 Bedrooms Flat,Ikeja,1000000,['Tagbo']
Executive 3 Bedrooms,Agege,450000,['Tagbo']
Brand New 2 Bedrooms Flat,Magodo,600000,['Musfawaz']
Well Finished 2 Bedrooms Apartment,Ajah,1600000,['Baltic']
2 Bedroom Serviced Flat,Ikeja,1600000,"[""O'dean""]"
Lovely 2 Bedrooms Apartment,Lekki,1700000,['Walefunmionline']
Spacious 2 Bedrooms,Yaba,1000000,['Backup']
Newly Built 2 Bedroom Flats With Excellent Finishing,Lekki,900000,['08184085494']
Two Bedroom Flat,Lekki,900000,['Hcc']
Newly Built 2 Bedrooms Flat,Ikeja,1000000,['Heavensent']
Virgin 2 Bedroom Flat,Ikorodu,500000,['Olalek']
Newly Built Serviced Luxury 2 Bedrooms Flat,Ajah,1500000,['Nipbud_properties']
Luxurious Furnished 2 Units 2 Bedroom Flat,VI,5000000,['Enauf']
Decent 2 Bedroom Flat With Excellent Facilities,Yaba,1100000,['Meritence']
2 Bedroom Apartment,Lekki,2000000,['Amie']
Luxury 2 Bedrooms Apartment,Ajah,1200000,['Faz']
2 Bedrooms,Ajah,900000,['Yeans']
Superb 2 Bedrooms,Ikorodu,350000,['Bethel']
2 Bedroom Flat,Lekki,2200000,['Posh']
Spacious 2 Bedrooms Apartment,Lekki,1100000,['Sleek']
Newly Built 2 Bedroom Flat With Excellent Facilities,Ikeja,900000,['Meritence']
Brand New 2 Bedrooms Flat,Ajah,1200000,['Octimax']
2 Bedroom Flat,Lekki,1800000,['Posh']
Spacious And Sharp 2 Bedroom Apartment,Lekki,2000000,['Packard']
Two Bedroom Office Space,Lekki,1700000,['Rock']
Luxury 2 Bedroom Apartment,Lekki,1000000,['Hl']
Brand New 2 Bedrooms Flat,Isolo,750000,['Safe']
Newly Built All Ensuite 2 Bedrooms,Surulere,700000,['Toa']
Alluring 2 Bedrooms Apartment With Gym & Pool,VI,3000000,['First']
Fully Serviced 2 Bedrooms Flat With Fitted Air Conditioner In The Rooms,Lekki,2000000,['0001']
A 2 Bedroom Apartment,Lekki,2500000,['Jide']
Lovely 2 Bedrooms Apartment,VI,2000000,['Walefunmionline']
Clean 2 Bedrooms Flat,Agege,280000,['03']
"A Fairly Used & Spacious 2 Bedrooms Flat, Just 2 Flat In The Compound",Gbagada,800000,['Zeezconsult']
Brand New Luxury 2 Bedrooms Serviced Apartment With Swimming Pool,Lekki,1800000,['Frontline']
Well Spacious 2 Bedroom Apartment,Lekki,2500000,['Bold']
New 2 Bedroom Flat,Magodo,1200000,['Emmanuel']
Standard And Spacious Brand New 2 Bedroom Apartment,Ajah,1000000,['Obowan']
2 Bedrooms Flat,Ojota,700000,['Ayindebamijoko']
"Newly Built 2 Bedroom Flat, All Room Ensuite",Agege,600000,['Meritence']
"2 Bedroom Flat With Elevator, All Rooms Ensuite, 24 Hours Power, Etc.",Lekki,2000000,['Eko']
Very Lovely And Crisp Newly Built 2 Bedrooms Flat,Lekki,2000000,['Lekkimetrohomes']
2 Bedroom Flat,Lekki,1500000,['John']
2 Bedroom Flat,Lekki,1200000,['Jova']
A 2 Bedroom Flat,Lekki,900000,['Spartan']
2 Bedrooms Flat,Ajah,850000,['Olajoel']
Luxury And Spacious 2 Bedrooms Apartment,VI,3000000,['Packard']
2 Bedrooms,Ajah,900000,['Olajoel']
2 Bedroom Flat,VI,2200000,['Davoret']
Exquisite 2 Bedroom Bungalow,Ajah,800000,['Faz']
Newly Renovated 2 Bedrooms Flat,Ajah,1000000,['Faz']
Lovely 2 Bedrooms Flat With Excellent Facilities,Ibeju,700000,['Top-notch']
A Decent 2 Bedroom Flat,Gbagada,850000,['Affyolams']
2 Bedroom Flat,Ajah,1100000,['Citymart']
"Lovely & Spacious 2 Bedrooms With Wardrobes, 2 Toilets/2 Baths, All Tiled, Gated",Shomolu,500000,['Roshadan']
Tastefully Finished 2 Bedroom Flat,Alimosho,550000,['Yfab']
A Fairly Used & Spacious Ensuites Bq 2 Bedrooms Flat,Gbagada,800000,['Zeezconsult']
24 Hours Serviced 2 Bedrooms Apartment,Lekki,2000000,['123']
2 Bedroom Flat,Ajah,700000,['Arish']
2 Bedroom All Room En-suite,Ajah,1100000,['Kin']
2 Bedrooms Flat,Ajah,600000,['09026460540']
Tastefully Finished 2 Bedroom Flat With State Of The Art Wares.,Ajah,900000,['Jvo']
Newly 2 Bedrooms Flat,Lekki,2000000,['Flentia']
Brand New 2 Bedroom Flat,Berger,400000,['Chaman']
Executive 2 Bedroom Flat (only 2 In A Compound),Berger,500000,['Chaman']
Newly Built Mini Flat Is Available,Ibeju,350000,['Dammyking']
Brand New 2 Bedrooms Flat,Lekki,1700000,['Sleek']
Brand New 2 Bedrooms Flat,Lekki,1700000,['Sleek']
Brand New 2 Bedrooms Flat,Lekki,1700000,['Sleek']
2 Bedrooms Flat,Ajah,850000,['Noraoflagos']
2 Bedroom Apartment,Lekki,2500000,['Kings']
Newly Built 2 Bedrooms Flat With The Rooms Ensuite,Surulere,900000,['Hairways']
2bd Room,Ikeja,450000,['Rotimi']
Brand New 2 Bedrooms Flat Inside A Gated Estate,Lekki,1500000,['Sleek']
Two Bedrooms Apartment,Ajah,650000,['House']
New 2 Bedrooms Flat,Ajah,700000,['Property4all']
Decent 2 Bedrooms Flat,Lekki,1200000,['Homes']
New 2 Bedroom Flat,Ajah,1100000,['Property4all']
New 2 Bedrooms Flat,Ibeju,400000,['Property4all']
12 Units Of 2 Bedroom Flats On A Large Land For Corporate Tenants,Yaba,2000000,['Oip']
2 Bedrooms Flat,Ajah,500000,['Anene']
2 Bedroom Flat,Lekki,1200000,['Obaton']
2 Bedrooms Apartment,Ajah,900000,['Baltic']
"Newly Built And Tastefully Finished 2 Bedrooms, Up & Down Flats Ensuite",Gbagada,1500000,['Haybee']
Very Clean Pay And Pack In Two Bedrooms,Ajah,800000,['De_ultramafic']
2 Bedrooms Flat,Ajah,700000,['09026460540']
Newly Built 2 Bedrooms Flat,Berger,700000,['Tagbo']
2 Bedrooms,Isolo,500000,['Civil']
10 Units Of Fully Serviced 2 Bedroom Flats,Ikeja,4000000,['Regimanuel']
2 Bedroom,Isolo,800000,['Civil']
Excellent 2 Bedroom Flat With All Rooms Ensuite,Gbagada,1200000,['The']
A 2 Bedroom Flat,Ajah,1100000,['Streetgold']
2 Bedrooms Flat + Bungalow + Extra 1 Room Self Compound,Ajah,1000000,['Prince']
A Lovely And Nice Newly Built 2 Bedrooms Flat With Car Park,Yaba,1200000,['Toss']
"Upstairs, New 2 Bedrooms Flat",Agege,500000,['Yennix']
Lovely 2 Bedrooms Flat With Excellent Facilities,Lekki,1000000,['Top-notch']
Excellent Finished 2 Bedrooms,Lekki,1600000,['Top-notch']
A Very Lovely And Nice Newly Built 2 Bedroom Flat With Car Park,Yaba,1000000,['Toss']
Brand New 2 Bedroom Flat,Alimosho,650000,['Talonile']
2 Bedroom Apartment,Isolo,800000,['Progress']
Clean 2 Bedroom Flat.,Ajah,1000000,['Prince']
Lovely Two Bedroom,Surulere,700000,['Ontale']
Superb Finished Lovely 2 Bedroom Apartment.,Isolo,750000,['Civil']
2 Bedroom Flat,Lekki,2000000,['Jesachomes']
Clean Two Bedrooms Flat,Ajah,650000,['De-beatech']
New 2 Bedroom Flat.,Magodo,1800000,['Hiladex']
Decent 2 Bedroom,Ajah,750000,['Blessed']
A Luxurious 2 Bedroom Flat,Gbagada,900000,['Affyolams']
A Luxurious 2 Bedroom Flat With Modern Facilities,Gbagada,900000,['Affyolams']
A 2 Bedroom Flat,Lekki,900000,['Spartan']
Brand New Tastefully Finished 2 Bedroom Flat,Isolo,800000,['Pecuniary']
An Executive Luxury 2 Bedroom Flat With Modern Amenities And Fittings.,Ikeja,750000,['Absaat']
Standard Two Bedroom Flat,Ikeja,550000,['Yennix']
A Decent 2 Bedroom Flat In A Serene Environment.,Ketu,700000,['Affyolams']
2 Bedroom Flat Ensuite.,Surulere,800000,['Adebisi']
Newly And Tastefully Built 2 Bedroom Apartment,Magodo,1800000,['Starcityproperties']
Two Bedroom Flat (shared Apartment),Ajah,390000,['08022661301']
Nice 2 Bedroom Up Flat.,Gbagada,950000,['08130986430']
Brand New 2 Bedroom Flat.,Lekki,800000,['Epis']
2 Bedroom Flat.,Ajah,650000,['Emmanuel']
2 Bedroom Flat Ground Floor.,Surulere,600000,['08118475159']
"Spacious, Cool And Modern 2 Bedroom All Rooms Ensuite Apartment",Berger,450000,['Tawab']
Nice 2 Bedroom Flat.,Isolo,600000,['Mankind']
Clean Good Two Bedroom,Yaba,800000,['Ontale']
Sharp 2 Bedroom Flat,Lekki,1700000,['Packard']
2 Bedrooms Flat,Ajah,450000,['09026460540']
Standard Two Bedroom Flat,Ikeja,450000,['Yennix']
Luxury 2 Bedroom Flat,Ikoyi,4000000,['M-surge']
2 Bedroom Flat,Ajah,500000,['Kachupp']
"Super Luxury And Spacious 2 Bedroom, Pop Ceiling, Upstairs, Very To Express.",Ibeju,600000,['Soft']
Brand New 2 Bedroom,Magodo,1800000,['Weservice']
New Letting 2 Bedroom Flat.,Ikeja,1000000,['Emmanuel']
"Newly Built Luxury 2 Bedroom Flats With Wardrobe, Kitchen Cabinet.",Ajah,1000000,['Stency']
2 Bedroom Flat.,Lekki,1050000,['Pwanproconsult']
Serviced 2 Bedroom Flat With Pool,Lekki,1700000,['David']
"2 Bedrooms Flat, Very Cheap",Lekki,1000000,['Pwanproconsult']
Luxury 2 Bedroom Flat,Magodo,1000000,['Flocisco']
2 Bedroom Flat,Ajah,750000,['Ekohomes']
2 Bedroom Newly Built Apartments,Ajah,700000,['Pablo']
2 Bedroom Lovely Apartment,Lekki,1200000,['Pablo']
Two Bedroom Flst,Gbagada,800000,['Global']
Newly Built 2 Bedroom Ensuite Flat,Ikeja,2800000,['Parakaleo']
Service 2 Bedroom Apartment With Excellent Finishing,Lekki,2000000,['Frontline']
2 Bedroom Flat,Isolo,800000,['Safe']
"New Built 2 Bedroom Luxury Flat With Pop, Water Heater, Wardrobe Etc",Ajah,550000,['Stency']
Relatively New 2 Bedroom Flat Apartment.,Gbagada,900000,['Adexhome']
2 Bedroom Apartments,Ikoyi,11000000,['Semtosa']
"A Newly Built 2 Bedrooms Up & Down Apartment, With A Pop Finishing.",Ajah,1100000,['Leaders']
3 Units Of Mini Flats And 4 Units Of 2 Bedroom Flat.,Ajah,1200000,['Abworld']
2 Bedroom Apartment In A Serene Environment,Ibeju,300000,['Global']
Luxury 2 Bedroom.,Ajah,1200000,['Faithreal']
Executive Two Bedroom Flat,Gbagada,1400000,['Global']
2 Bedroom Flat Downstairs Superb,Surulere,900000,['09060631614']
Standard 2 Bedroom Flat,Ajah,700000,['Kachupp']
Spacious Big 2 Bedroom.,Magodo,1000000,['Emmanuel']
Renovated 2 Bedroom Flat.,Lekki,400000,['Lasgidi2own']
Nice 2 Bedroom Flat,Lekki,2000000,['Priesthood']
Luxury 2 Bedroom Flat With Bq In An Estate,Ikoyi,7000000,['Jude']
Executive 2 Bedroom,Ajah,800000,['Toramu']
Very Clean 2 Bedroom,Ajah,600000,['Toramu']
Lovely 3 Bedroom Apartment Available Bg,Lekki,1800000,['Flemzo']
Clean Spacious 2 Bedroom,Ajah,750000,['Toramu']
2 Bedroom Flat,Magodo,1200000,['Forim']
"Neat 2 Bedroom Flat, All Tiles Floor, Each Room With Wardrobe",Alimosho,500000,['Pacelink']
A Nice Self Serviced 2 Bedroom Flat Available,Lekki,1800000,['Aruofeg']
New 2 Bedroom Flat,Isolo,500000,['Mankind']
2 Bedroom Flat,Ajah,800000,['Citymart']
Luxury 2 Bedroom Flat With All Rooms En-suite,Yaba,1000000,['Sunplanet']
Luxury 2 Rooms B/q,Lekki,800000,['Dunovella']
Luxury 2 Bedroom Apartment With Excellent Facilities,Ajah,800000,['Real']
Lovely 2 Bedroom Apartment,Ikoyi,11000000,['Preaston']
A Fantastic Recently Built Ensuites Modern & Meaningful 2 Bedroom.,Surulere,1000000,['Zeezconsult']
Two Bedroom Flat,Gbagada,800000,['Easy']
A Luxury 2 Bedroom Flat With 3 Toilets And Baths,Ikeja,450000,['Absaat']
Luxurious Two Bedroom Apartment.,Ikorodu,250000,['Kasmag']
2 Bedroom Flat,Ajah,500000,['Ekohomes']
2 Bedroom Back Upstairs Flat,Ojo,250000,['Welldone']
Nice 2 Bedroom Flat Very Spacious,Ajah,800000,['Octimax']
2 Bedroom Flat,Gbagada,1000000,['08130986430']
Executive 2 Bedroom Flat.,Ajah,600000,['2d']
Appealing 2 Bedroom Apartment,Lekki,1700000,['Walefunmionline']
2 Bedrooms Flat,Ibeju,400000,['Giogo']
Neat 2 Bedroom Flat.,Ajah,600000,['Dammco']
Newly Built 2 Bedroom Flat Upstairs.,Ajah,1000000,['Dammco']
Flat Mate For A 2 Bedroom Flat,Ajah,325000,['Empire']
2 Bedroom Serviced Apartment Available,Ikoyi,6000000,['Bakao']
Pristine 2 Bedroom Apartment,Lekki,1900000,['George']
Executive 2 Bedroom Flat.,Isolo,750000,['Just']
Standard 2 Bedroom Flat.,Magodo,1600000,['Emmanuel']
Super And Spacious 2 Bedroom,Surulere,550000,['Pat-arizona']
2 Bedroom Flat Upstairs Available,Lekki,1300000,['Gudness']
Comfortable 2 Bedroom Penthouse,Lekki,2500000,['C']
Lovely 2 Bedroom Flat,Yaba,1100000,['Nature']
Luxury Claean 2 Bedroom Flat.,Ajah,950000,['Smartlink']
Luxury 2 Bedroom Flat With Excellent Facilities,Ajah,750000,['Muel']
A Luxury 2 Bedroom,Ikorodu,300000,['D']
Luxury 2 Bedroom Smart Apartment,VI,5000000,['Misa']
Newly Built Fully Serviced 2 Bedroom Flat. 24 Hours Light,Lekki,1800000,['Dammco']
Brand New Furnished 2-bedroom Service Apartment,Lekki,3200000,['Wapel']
Luxury 2 Bedroom Apartment,Lekki,1500000,['Rock']
A 2 Bedroom Flat,Agege,550000,['Property']
2 Bedroom Flat,Ajah,1000000,['Ekohomes']
Newly Built 2 Bedroom All Ensuit With Wardrobes + Guest Convenient.,Ketu,900000,['Roshadan']
Very Standard 2 Bedroom Flat With A Bq,Ikeja,1800000,['Chaman']
2 Bedroom Flat,Lekki,2000000,['Chaman']
2 Bedroom Flat,VI,3000000,['R']
Newly Built 2 Bedroom Flat,Surulere,700000,['Gidikraft']
"Brand New 2 Bedroom Apartment, Spacious",Ajah,900000,['Regis']
Lovely Serviced 2 Bedroom Apartment + Bq,Lekki,3600000,['Luxxis']
A Magnificent Two Bedroom Flat In Gated Estate.,Lekki,800000,['C.p']
Brand New Mini Flat,Lekki,1300000,['Wow']
Newly Built 2 Bedrooms Flat,Ajah,1000000,['Seyix']
Lovely 2 Bedroom Bungalow,Ikeja,1500000,['Emmanuel']
Serviced Furnished And Unfurnished 2 Bedroom Apartment,Ikoyi,8000000,['Island']
Spacious And Comfortable 2 Bedroom,Isolo,700000,['Priceless']
2 Bedroom Flat,Lekki,1600000,['Obaton']
2 Bedroom Flat New House,Isolo,700000,['Hiladex']
Executive 2 Bedroom Flat,Surulere,750000,['Kapital']
Very Clean And Neat 2 Bedroom,Lekki,1600000,['Beta']
2 Bedroom Flat,Ajah,800000,['Affluent']
Clean 2 Bedroom Flat,Lekki,1800000,['Wow']
Brand New 2 Bedroom Flat,Lekki,18000000,['Wow']
Newly Built 2 Bedroom Apartment,Ajah,1000000,['Walefunmionline']
Decent Big 2 Bedroom,Magodo,850000,['Emmanuel']
2 Bedroom Flat,Berger,800000,['Forim']
New 2 Bedroom Flat Upstairs,Ajah,1000000,['Vebosant']
Spacious 2 Bedroom Flat,Ajah,800000,['Asgaf']
Newly Built 2 Bedroom,Ikeja,2000000,['Backup']
2 Bedroom Flat,Lekki,1200000,['Posh']
"Newly Built 2 Bedroom With Pop, Screeded Walls, All Ensuite, Carpark",Yaba,1100000,['Roshadan']
Well Maintained Self Serviced 2 Bedrooms Flat,Lekki,2500000,['House']
Luxuriously Built 2 Bedroom Flat,Isolo,700000,['Just']
Newly Built 2 Bedrooms Flat In An Estate,Ikeja,1900000,['The']
Super And Luxury Serviced 2 Bedrooms Flat,Lekki,2000000,['Profit']
Newly Built 2 Bedroom Flat,Isolo,450000,['Just']
2 Bedroom Flat Newly Renovated,Yaba,1100000,['Dayo']
2 Bedrooms,Yaba,500000,['Blessed']
Newly Built 2 Bedroom Flat,Ikorodu,200000,['Grandview']
Luxury Spacious 2 Bedroom Apartment,VI,3000000,['Sonnic']
2 Bedroom Apartment,Lekki,2500000,['Sonnic']
"Decent, Clean, Brand New And Well Tiled 2 Bedroom Flat, With Wardrobe",Surulere,700000,['Emecha']
Luxury 2 Bedroom Flats (ensuite) With Excellent Facilities Available,Lekki,1200000,['Piscarius_realty']
A Massively And Neatly Built Fully Serviced 2 Bedroom Flat,Lekki,1700000,['Jproperties']
Luxury Brand New 2 Bedroom Flat,Lekki,2500000,['Rosemond']
Brand New 2 Bedroom Flat,VI,1800000,['Aruofeg']
Luxury 2 Bedroom Flat,Ikoyi,5500000,['12th']
Newly Built Luxury 2 Bedroom Fully Furnished And Fully Serviced Upper,Lekki,3500000,['Liman']
Newly Built 2 Bedrooms Flat,Lekki,1800000,['Goshenhaven']
A Lovely Newly Built 2 Bedroom Flat Inside An Estate With Penthouse,Surulere,1800000,['Toss']
2 Bedroom Flat,Ojo,200000,['Gentle']
Two (2) Bedroom Flat,Lekki,2000000,['Gudness']
Brand New Luxury 2 Bedroom Flat Just 2 In A Compound,Ajah,1200000,['Home']
2 Bedroom Flat,Ikorodu,200000,['Ab']
Luxury 2 Bedroom All Ensuite,Ibeju,400000,['Oscytech']
Standard 2 Bedroom Flat,Ikeja,600000,['Meritence']
Room And Parlour Self Contained Is Available,Ibeju,250000,['Dammyking']
Lovely 2 Bedroom Flat,Lekki,1700000,['Pearl']
Newly Built Of Mini Flat,Shomolu,600000,['Showboy']
2 Bedroom Flat,Lekki,2000000,['Packard']
Fully Furnished 2 Bedroom Penthouse Flat,Lekki,3500000,['Rosemond']
2 Bedroom Flat With Excellnt Facilities,Lekki,1700000,['Nuville']
Brand New 2 Bedroom Flat,Ajah,900000,['Smartlink']
Luxury 2 Bedroom Apartment,VI,3500000,['Packard']
Newly Built 2 Bedroom,Ajah,1000000,['The']
2 Bedroom Flat,Lekki,1500000,['+2348064903020']
Brand New 2 Bedroom Flat,Isolo,750000,['Safe']
Executive Newly Built Modern 2 Bedroom Ensuite,Yaba,1200000,['Roshadan']
An Executive Newly Built Ensuites Modern 2 Bedroom,Yaba,1200000,['Zeezconsult']
2 Bedroom Flat,Ajah,700000,['Abba']
2 Bedroom,Ibeju,550000,['Emmy']
Luxury 2 Bedroom Apartment,Alimosho,450000,['Deeds']
2 Bedroom Flat,Ikorodu,180000,['Ab']
A Mini Flat,Ikorodu,100000,['Ab']
Luxury 2 Bedroom Apartment With Excellent Facilities,Ajah,1100000,['Real']
Exquisite 2 Bedroom Flat + Bq,Ikeja,1700000,['Olyvenergy']
Fresh Room And Parlour,VI,1300000,['Wow']
Brand New 2 Bedroom Flat With Excellent Fittings,Ajah,700000,['Asgaf']
2 Bedrooms Flat,Lekki,2500000,['Landlord']
Luxury 2 Bedroom Flat,Lekki,1600000,['Wow']
Lovely 2 Bedroom With Pop Finishing And Just 3 Tenant In A Compound,Isolo,350000,['Jilkson']
A Brand Newly Built Ensuites Modern Serviced 2bedroom,Surulere,1500000,['Zeezconsult']
1 Room And Parlour Self Contained,Alimosho,180000,['08135419818']
Newly Built Executive 2 Bedroom Flat In An Estate,Ikeja,1200000,['Loyaltyproperties']
Fantastic 2 Bedroom Flat,Isolo,1000000,['Just']
Newly Built 2 Bedroom Flat,Isolo,450000,['Just']
Luxury 2 Bedroom Flat,Lekki,1800000,['Jcmax']
2 Bedroom Flat Available,Lekki,3200000,['Sandra']
Clean 2 Bedroom Flat,Ajah,1000000,['Property4all']
Mini Flat,Isolo,200000,['Unknown']
Luxurious Newly Built 2 Bedroom Flat Fully Serviced,Lekki,3000000,['Usaking']
Brand-new Two Bedroom Apartment,Ajah,800000,['Goldkin']
Serviced 2 Bedroom,Lekki,1200000,['Seyix']
A Luxury 2 Bedroom Flat With 2 Toilets And Baths On A Tarred Road,Ikeja,400000,['Absaat']
"Newly Refurbished, Neat & Affordable 2 Bedroom Flat 1year Only.",Yaba,650000,['Bakare']
Luxury Waterfront 2 Bedroom Flat,Ikoyi,6500000,['Desos']
2 Bedroom Flat,Gbagada,1000000,['08130986430']
Luxury 2 Bedroom Flat,Ikoyi,3500000,['H.c']
Cute 2 Bedroom Flat Apartment Plus Bq,Ikeja,1800000,['Loyaltyproperties']
Very Decent 2 Bedroom Flat,Surulere,650000,['Kapital']
Brand New Tastefully Finished 2 Bedrooms Flat,Surulere,1500000,['Yindy']
Two Bedroom Flat,Lekki,1200000,['Hcc']
2 Bedroom With A Store Flat Close To The Main Road,Agege,300000,['Gushi']
A 2 Bedroom Flat,Ajah,450000,['Streetgold']
Portable 2 Bedroom Flat,Ketu,400000,['Agbolade']
Spacious 2 Bedroom En-suite Bungalow,Lekki,1600000,['Ail']
Exquisitely Built 2 Bedrooms Apartment,Ikeja,1100000,['Grandview']
Fully Furnished 2 Bedroom Flat,Lekki,3000000,['Sandra']
Luxury 2 Bedroom Flat,Ikeja,1500000,['Regimanuel']
Fully Service Luxury Two Bedroom,Ajah,1000000,['Kebba']
2 Bedroom Flat,Ajah,550000,['07041051091']
Luxury 2 Bedroom Flat,VI,4000000,['Rosemond']
A Standard And Spacious Miniflat,Shomolu,500000,['Sunplanet']
Lovely 2 Bedroom Penthouse Flat,VI,2700000,['Rosemond']
Luxurious And Spacious 2 Bedroom Apartment,Lekki,1700000,['Homesphere']
Newly Built 2 Bedroom Flat Apartment In A Nice Estate,Lekki,1500000,['Lekkimetrohomes']
2 Bedrooms Flat,Ajah,450000,['09026460540']
2 Bedroom Flat,Ajah,1000000,['E&k']
Luxury 2 Bedroom Apartment,Ajah,1000000,['Property']
2 Bedrooms,Ikorodu,280000,['Bethel']
2 Bedroom Penthouse,Ikoyi,14000000,['Island']
Exquisitely Built 2 Bedroom Apartment,Ikorodu,500000,['Grandview']
Nice 2 Bedroom Apartment,Lekki,2500000,['Aruofeg']
Luxury 2 Bedroom Flat,Ajah,1500000,['Affluent']
Luxurious 2 Bedroom Flat,Ajah,550000,['Wizarest']
Newly Built 2 Bedroom Flat,Lekki,2000000,['Planwellhomes']
2 Bedroom Flat,Ajah,1100000,['Classic']
2 Bedroom Flat (2 Available),Ajah,900000,['Classic']
2 Bedroom,Lekki,1500000,['Resourcegrounds']
2 Bedroom,Lekki,1800000,['Resourcegrounds']
2 Bedroom Flat With Bq,Lekki,1300000,['Seyix']
Relatively New 2 Bedroom Flat Bungalow,Gbagada,1100000,['Akakuru']
2 Bedroom Flat,Ikorodu,300000,['Tolulope']
2 Bedroom Flat,Lekki,1800000,['Boulevard']
An Amazing Contemporary 2 Bedroom Flat,Lekki,1800000,['Jproperties']
2 Bedroom Penthouse,Lekki,1800000,['Fanfield']
2 Bedroom Flat,Lekki,2000000,['Fta']
Lovely 2 Bedroom Apartment,Lekki,2500000,['Larry']
2 Bedroom Flat,Ajah,1000000,['Faithreal']
2 Bedroom Flat,Shomolu,900000,['Abidemi']
Two Bedroom Apartment,Isolo,950000,['Bikathe']
Spacious 2 Bedroom,Lekki,2000000,['Penmon']
Newly Built,Ajah,1000000,['Tedson']
Brand New Mini Flat,Lekki,1500000,['Leadspecialrealtor']
Luxury Self Service 2 Bedroom Flat,VI,1800000,['Davoret']
Serviced 2 Bedroom With 3 Toilets In A Well Maintained Environment,Lekki,1750000,['Jac']
2 Bedroom Flat,Lekki,1700000,['John']
Luxury 2 Bedroom Flat In A Serene Neighborhood,Gbagada,800000,['Darkphoenixnigeria']
Luxury 2 Bedroom Flat,Alimosho,500000,['Nowadays']
Luxury 2 Bedroom Flat,Ikeja,3000000,['Pristine']
Clean And Comfortable 2 Bedroom Flat,Ajah,550000,['Mackavad']
A Luxury And Spacious Clean 2bedrm Flat,Lekki,1800000,['Phumpet']
Luxury Two Bedroom Flat,Lekki,1200000,['Jolas']
2 Bedroom Upstairs And Downstairs For Office,Lekki,1600000,['Dammco']
Executive Fully Serviced 2 Bedroom Apartment With Bq,VI,4000000,['Jerman']
Beautiful Well Built Two Bedroom Flat,Ikeja,800000,['Ontale']
A Prepaid Metered 2 Bedroom Flat (last Floor),Agege,450000,['Daramola']
A Nice Newly Renovated 2 Bedroom Flat,Yaba,750000,['Toss']
A Lovely Newly Built 2 Bedroom Flat With Car Park,Yaba,1300000,['Toss']
Newly Built 2 Bedroom Ensuite Flat Suitable For Residential/office Use,Lekki,2300000,['Ail']
2 Bedroom,Shomolu,900000,['Gab']
Serviced 2 Bedroom With Fitted Ac's,Lekki,2200000,['123']
2 Bedroom Flat,Ikeja,900000,['Forim']
Tastefully Finished 2 Bedroom Apartment In A Block Of Flats.,Lekki,1800000,['Jvo']
2 Bedrooms Flat Upstairs,Lekki,600000,['Proverge']
2 Bedroom Flat,Isolo,250000,['The']
Tastefully Finished 2 Bedroom Flat,Alimosho,400000,['Yfab']
Well Maintained 2 Bedroom Apartment,Ikoyi,7500000,['Beverly']
Luxury 2 Bedroom Apartment(upstair),Lekki,2300000,['Rock']
Luxury 2 Bedrooms Fully Furnished Apartment + Elevator + Gym + Swimming Pool,Ikoyi,9000000,['House']
Newly Built Executive 2 Bedroom Flat Apartment,Ikeja,750000,['Loyaltyproperties']
Brand New Fully Serviced 2 Bedroom Flat,Lekki,2000000,['Property']
A Luxury 2 Bedroom Flat With 2 Toilets And Baths And Prepaid Meter,Ikeja,350000,['Absaat']
Brand New 2 Bedroom En-suite Flat In An Estate,Lekki,1800000,['Ail']
Newly Built Luxury 2 Bedroom Flat All En-suite,Ibeju,450000,['Oscytech']
Very Sharp Serviced 2 Bedroom Apartment,Lekki,2000000,['Packard']
Newly Built 2 Bedroom Flat In A Self Compound,Ibeju,350000,['Oscytech']
2 Bedroom Flat,Lekki,1400000,['Elan']
2 Bedrooms Flat,Berger,500000,['Akset']
Spacious And Tastefully Finished Two Bedroom Flat,Ikorodu,300000,['Dadus']
2 Bedroom,Lekki,2300000,['Shallom']
Very Beautiful 2 Bedroom Flat,Magodo,1600000,['Excellent']
Lovly Newly Built 2 Bedroom Pent Flat In A Mini Estate,Lekki,3000000,['House']
Fantastic 2 Bedroom Flat (upstairs),Ajah,1300000,['Beulah']
Well Built 2 Bedroom Flat,Ibeju,750000,['Asgaf']
Cute 2 Bedroom Flat,Lekki,1200000,['Jcmax']
Newly Built 2 Bedroom Flat With Excellent Fittings,Ibeju,500000,['Asgaf']
Two Bedroom Flat,Lekki,1000000,['08168208833']
Brand New 2 Bedroom Apartment,Isolo,900000,['Ronald']
Luxury 2 Bedroom Flat,Lekki,2500000,['Chikpo']
Lavishly Furnished 2 Bedroom Flat And A Room And Parlour,Ikorodu,400000,['As']
Brand New And Tastefully Finished 2 Bedroom En-suite Flat,Ajah,1400000,['Ail']
Serviced 2 Bedroom Flat,Lekki,2000000,['Top']
Brand New 2 Bedrooms Duplex,Lekki,1000000,['Proverge']
2 Bedroom Apartment,Lekki,2000000,['Fanfield']
Luxury 2 Bedroom Apartment,Ajah,900000,['Richard']
Premium 2 Bedroom Apartment,Lekki,2000000,['Bimadek']
Really Spacious And Cool 2 Bedroom Apartment,Berger,250000,['Tawab']
2 Bedroom Flat With Excellent Facilities,Ajah,800000,['08136642425']
"Brand New 2 Bedroom Flat, Very Spacious In Clean Axis",Ajah,800000,['Shileburger']
Luxury 2 Bedroom Flat,Ajah,900000,['Decent']
2 Bedroom Flat,Gbagada,1200000,['08130986430']
Well Built 2 Bedroom Flat,Ikorodu,200000,['Reigners']
Luxury 2 Bedroom Flat In A Good Environment,Lekki,900000,['Moventuresng']
Brand New And Executive 2 Bedroom Flat,Berger,500000,['Chaman']
2 Bedroom Flat,Ajah,900000,['Ara']
New 2 Bedroom Flat,Ajah,700000,['Property4all']
2 Bedroom Flat,Lekki,1100000,['Posh']
A Luxurious Well Finished 2 Bedroom Flat,Ketu,850000,['Affyolams']
2 Bedroom,Gbagada,1200000,['Amosandproperty']
Luxury Self Service 2 Bedrooms,VI,2300000,['Astute']
Nice And Newly Built 2 Bedroom Flat,Surulere,1200000,['Hairways']
Neat 2 Bedroom Apartment,Ajah,1200000,['Amens']
"Brand New Luxury 2 Bedroom Flat, All Rooms Ensuite Upstairs",Lekki,2500000,['Xpresslet']
Newly Built 2 Bedrooms Flat,Ikorodu,500000,['Chrisp']
Sharp 2 Bedroom Flat,Ajah,750000,['Dammco']
Luxury 2 Bedroom,Ajah,1000000,['Landuna']
2 Bedroom,Ajah,1000000,['Faithreal']
Brand New 2 Bedroom Apartment,Ibeju,450000,['Renascent']
Luxury 2 Bedroom Flat,Lekki,700000,['Rock']
Newly Built 2 Bedroom Flat,Ajah,850000,['Unknown']
2 Bedroom Flat,Ikoyi,7500000,['Property']
Newly Built 2 Bed Flat,Ajah,500000,['2d']
Self Service 2 Bedroom Flats,Lekki,2600000,['Top']
Self Service 2 Bedroom Flats,Lekki,2600000,['Top']
Service 2 Bedroom Flat,Lekki,2000000,['Top']
Newly Built 2 Bedroom Flat Apartments,Lekki,2000000,['Lekkimetrohomes']
2 Bedroom Flat,Ajah,800000,['Fortune']
2 Bedroom Flat,Lekki,1250000,['Posh']
Lovely 2 Bedroom + Bq Flat (ground Floor).undergoing Renovation.,Lekki,1100000,['Taosa']
2 Bedroom Flat Apartment,Yaba,900000,['Dayo']
Tastefully Finished 2 Bedroom Flat,Ajah,1200000,['Citygoldproperty']
A Luxury 2 Bedroom Flat Within An Estate,Ikeja,700000,['Absaat']
Close To New Luxury Built 2 Bedrooms Flat All Rooms En-suite.,Ikeja,900000,['Yoshshinai']
Decent 2 Bedroom,Ikorodu,200000,['Bethel']
2 Bedroom Luxury Apartment,Ibeju,700000,['Jodan']
2 Bedroom Flat,Ajah,800000,['Mercy']
2 Bedroom Apartment,Lekki,1200000,['Akoladerealtors']
Luxury 2 Bedrooms Flat With Excellent Facilities,Lekki,2000000,['Nuville']
A Well Finished Brand New 2 Bedroom Flats,Ajah,1000000,['Samdes']
Furnished 2 Bedrooms Flat,Lekki,3000000,['House']
Luxury Service 2 Bedrooms Flat Plus Service Quarter,VI,3000000,['Astute']
Cheap 2 Bedroom Flat,Ikorodu,200000,['Mart-armstrong']
Lovely 2 Bedroom Flat,Isolo,500000,['Harrison']
Luxury 2 Bedroom Flat With Good Finishing,Ajah,1300000,['Real']
Hot: 3 Units Of Luxury And Very Spacious 2 Bedroom Flat With Visitor Toilet,Alimosho,350000,['El']
Luxury 2 Bedroom Apartment Available With Excellent Facilities,Lekki,2000000,['Real']
Luxury 2 Bedroom With Superior Quality Finishing.,Ibeju,500000,['Soft']
A Decent 2 Bedroom Flat,Ketu,450000,['Affyolams']
Two Massive Shops Together Facing The Express,Ajah,1800000,['Angelgoldpropertiesng']
Spacious 2 Bedroom Flat,Yaba,1000000,['Kroslag']
Lovely 2 Bedroom Apartment,Lekki,2000000,['Preaston']
Excellent 2 Bedroom Flat. Partially Furnished,Lekki,2500000,['Beta']
2 Bedroom Flat,Isolo,350000,['Paparazy']
2 Bedroom Flat,Isolo,700000,['Paparazy']
Brand New Luxury 2 Bedroom Flat,Lekki,2000000,['Beta']
A Luxury 2 Bedroom Flat With On A Tarred Road,Ikeja,500000,['Absaat']
Newly Built 2 Bedroom Apartment,Lekki,3200000,['Servilife']
Magnificent Standard 2 Bedroom Flat,Lekki,700000,['Epis']
2 Bedroom,Ikeja,3500000,['Pame-view']
Refurbished 2 Bedroom Flat Plus Bq And Fitted Kitchen,VI,3000000,['Liman']
Spacious 2 Bedroom Apartment,Lekki,2000000,['Posh']
Refurbished Luxury 2 Bedroom Serviced And Furnished Upper Floor,Lekki,2000000,['Liman']
"Newly Built 2 Bedroom All Ensuit, Tiled, Car Park.",Isolo,750000,['Roshadan']
Newly 2 Bedroom Flat,Ikorodu,270000,['Cora']
Brand New 2 Bedroom Flat,Isolo,500000,['Just']
Spacious 2 Bedroom Apartment,Lekki,2000000,['Kam360']
2 Bedroom Bungalow,Ajah,700000,['Octimax']
4 Units Of Brand New Fully Serviced Luxury 2 Bedroom Flat,Lekki,2500000,['Xpresslet']
Brand New American Standard 2 Bedroom Flat,Lekki,2300000,['Xpresslet']
2 Bedroom Apartment,VI,3500000,['Truesun']
Spacious 2 Bedroom Flat,Ikorodu,200000,['Twins']
2 Bedroom Furnished Apartment,VI,3500000,['Yusuf']
A Nice And Neat 2 Bedroom Flat,Lekki,1300000,['Riyadh']
Newly Built 2 Bedroom Flat,Surulere,1150000,['Hairways']
Tastefully 2 Bedroom Penthouse In A Serene Environment,Lekki,1800000,['Kassmaxx']
2 Bedroom Flat In A Serene Environment,Lekki,1500000,['Jcmax']
Decent And Spacious 2 Bedroom Flat In Lovely Area,Magodo,700000,['Kassmaxx']
Newly Built 2 Bedrooms Flat + Bedroom + Acs + Powered Generator,Lekki,2300000,['House']
2 Bedroom Flat,Lekki,1800000,['Xarios']
A Luxury 2 Bedroom Flat With 2 Toilets And Baths,Ikeja,450000,['Absaat']
Beautiful Newly Renovated 2 Bedroom Flat,Ikeja,1000000,['Harmlexhomes']
2 Bedrooms Fully Service Apartment,Lekki,1800000,['Property']
Luxury 2 Bedroom Flat With Necessary Facilities,Ikorodu,170000,['Abs']
Newly Built 2 Bedroom Flat,Ikorodu,250000,['Cora']
2 Bedroom Apartment,VI,2400000,['2347067521640']
Tastefully Finished Two-bedrooms In Gated Estate,Ajah,750000,['Ekanem']
Newly Built 2 Bedroom Flat All Rooms Ensuite,Magodo,1300000,['Kassmaxx']
Tastefully Finished 2 Bedrooms Flat,Lekki,1800000,['Malps']
Newly Built 2 Bedroom At A Cool Location,Isolo,350000,['Letsales.com.ng']
Unique 2 Bedroom Flat,Isolo,500000,['7']
Luxury 2 Bedroom Flat,Ikeja,1500000,['Flocisco']
Newly Built 2 Bedroom,Alimosho,350000,['Prolific']
Newly Built 2 Bedroom,Alimosho,350000,['Prolific']
Newly Built 2 Bedroom,Alimosho,500000,['Prolific']
Fully Furnished 2 Bedroom Apartment,Ikoyi,8000000,['Island']
2 Bedroom Flat,Lekki,1700000,['Jujemin']
2 Bedroom With Air Conditions,Lekki,2000000,['Gillards']
Newly Built Luxurious 2 Bedroom Flat,Ajah,1200000,['The']
A Room And Parlour Mini Flat,Lekki,1000000,['Nuville']
2 Bedroom Apartments,Ikorodu,200000,['Akadekeh']
Nice 2 Bedroom Flat,Surulere,750000,['Hairways']
2 Bedroom Flat,Gbagada,1800000,['Amosandproperty']
2 Bedroom Flat,Gbagada,1100000,['Odavisha']
Clean 2 Bedroom Flat,Ajah,800000,['Vebosant']
Luxury 2 Bedroom Flat,Ajah,650000,['Smartlink']
Luxury Fully Service 2 Bedrooms Flat,VI,3500000,['Astute']
